TimeSinceStart,TrialNo,TrialID,ParticipantID,ExperimentSequence,Layout,Difficulty,TrialState,CameraPosition.x,CameraPosition.y,CameraPosition.z,CameraEulerAngles.x,CameraEulerAngles.y,CameraEulerAngles.z,MainControllerPosition.x,MainControllerPosition.y,MainControllerPosition.z,MainControllerEulerAngles.x,MainControllerEulerAngles.y,MainControllerEulerAngles.z
31.38,1,Training,0,1,Flat,0,prepare,-0.05915023,0.004614896,-0.3870175,22.08523,358.5591,6.687301
31.38,1,Training,0,1,Flat,0,prepare,-0.05900805,0.003115122,-0.3845249,22.85066,359.0125,6.632452
31.4,1,Training,0,1,Flat,0,prepare,-0.05886453,0.003176925,-0.3842397,22.7812,359.1199,6.679437
31.42,1,Training,0,1,Flat,0,prepare,-0.05889554,0.003121862,-0.3840976,22.61904,359.1153,6.695715
31.42,1,Training,0,1,Flat,0,prepare,-0.05881473,0.003295222,-0.3842813,22.49307,359.1024,6.709448
31.44,1,Training,0,1,Flat,0,prepare,-0.05858217,0.003547426,-0.3846738,22.42195,359.0851,6.7454
31.46,1,Training,0,1,Flat,0,prepare,-0.05844819,0.00360166,-0.3849845,22.40233,359.0731,6.801967
31.48,1,Training,0,1,Flat,0,prepare,-0.05822588,0.00363985,-0.3853407,22.4126,359.0425,6.85425
31.5,1,Training,0,1,Flat,0,prepare,-0.05831101,0.003521815,-0.3854106,22.39048,359.016,6.880573
31.52,1,Training,0,1,Flat,0,prepare,-0.05819934,0.003686027,-0.3855807,22.32749,358.9933,6.85709
31.52,1,Training,0,1,Flat,0,prepare,-0.05804903,0.003730557,-0.385759,22.29599,358.9949,6.874443
31.54,1,Training,0,1,Flat,0,prepare,-0.05803163,0.004255704,-0.3855851,21.97175,358.9142,6.70845
31.56,1,Training,0,1,Flat,0,prepare,-0.05786221,0.004807505,-0.3858215,21.72932,358.8616,6.621838
31.58,1,Training,0,1,Flat,0,prepare,-0.05769101,0.005082087,-0.3859703,21.46683,358.8142,6.534966
31.6,1,Training,0,1,Flat,0,prepare,-0.05753067,0.00572539,-0.3862023,21.2066,358.7878,6.456334
31.62,1,Training,0,1,Flat,0,prepare,-0.0575065,0.006274756,-0.3860441,20.82195,358.7634,6.34967
31.62,1,Training,0,1,Flat,0,prepare,-0.05723744,0.006923318,-0.3860098,20.38552,358.7248,6.236536
31.64,1,Training,0,1,Flat,0,prepare,-0.05736769,0.008265357,-0.3861048,19.79027,358.6582,6.081424
31.66,1,Training,0,1,Flat,0,prepare,-0.0569683,0.008826953,-0.3864247,19.12295,358.5641,5.992901
31.68,1,Training,0,1,Flat,0,prepare,-0.05705089,0.01007716,-0.3873565,18.65587,358.4878,5.904863
31.7,1,Training,0,1,Flat,0,prepare,-0.05701817,0.01067194,-0.3880384,18.30266,358.4295,5.820692
31.72,1,Training,0,1,Flat,0,prepare,-0.05692469,0.01126145,-0.3883719,17.95656,358.3858,5.746192
31.72,1,Training,0,1,Flat,0,prepare,-0.05688092,0.01190031,-0.388717,17.79277,358.3694,5.638389
31.74,1,Training,0,1,Flat,0,prepare,-0.0567468,0.01244805,-0.3889068,17.51912,358.3256,5.582066
31.76,1,Training,0,1,Flat,0,prepare,-0.05687504,0.01283402,-0.38923,17.26928,358.2914,5.542532
31.78,1,Training,0,1,Flat,0,prepare,-0.05658648,0.01307287,-0.3895679,17.09662,358.2508,5.5405
31.8,1,Training,0,1,Flat,0,prepare,-0.05656265,0.01338693,-0.3898413,16.93264,358.2224,5.530535
31.82,1,Training,0,1,Flat,0,prepare,-0.0565218,0.01368272,-0.3902389,16.84854,358.2075,5.53315
31.82,1,Training,0,1,Flat,0,prepare,-0.05664777,0.01384932,-0.3903835,16.78043,358.1953,5.537817
31.84,1,Training,0,1,Flat,0,prepare,-0.0567991,0.01387546,-0.3903282,16.71578,358.192,5.54551
31.86,1,Training,0,1,Flat,0,prepare,-0.056523,0.01387198,-0.390435,16.61778,358.1595,5.558273
31.88,1,Training,0,1,Flat,0,prepare,-0.0564667,0.01390556,-0.3907163,16.54424,358.1374,5.561919
31.9,1,Training,0,1,Flat,0,prepare,-0.05653147,0.01390167,-0.3909998,16.5387,358.1197,5.577436
31.92,1,Training,0,1,Flat,0,prepare,-0.05675944,0.01389696,-0.3912697,16.58838,358.114,5.582826
31.92,1,Training,0,1,Flat,0,prepare,-0.05660363,0.01370264,-0.3915817,16.67126,358.0972,5.577894
31.94,1,Training,0,1,Flat,0,prepare,-0.05665655,0.0135689,-0.3916002,16.75821,358.1029,5.565643
31.96,1,Training,0,1,Flat,0,prepare,-0.05667749,0.0136282,-0.3918432,16.83274,358.1029,5.556567
31.98,1,Training,0,1,Flat,0,prepare,-0.05657111,0.01329477,-0.3918453,16.88672,358.1024,5.574753
32,1,Training,0,1,Flat,0,prepare,-0.05663796,0.01294941,-0.3919439,16.95956,358.1231,5.603484
32.02,1,Training,0,1,Flat,0,prepare,-0.05665279,0.01306208,-0.3921284,17.06573,358.1459,5.656151
32.02,1,Training,0,1,Flat,0,prepare,-0.05665304,0.01274408,-0.3921979,17.16666,358.166,5.68487
32.04,1,Training,0,1,Flat,0,prepare,-0.05674997,0.01275626,-0.3920247,17.2349,358.1763,5.702179
32.06,1,Training,0,1,Flat,0,prepare,-0.05686021,0.01267963,-0.391799,17.26278,358.182,5.734395
32.08,1,Training,0,1,Flat,0,prepare,-0.05692558,0.01261234,-0.3915456,17.25603,358.1468,5.751287
32.1,1,Training,0,1,Flat,0,prepare,-0.05694832,0.01243608,-0.3915467,17.25993,358.088,5.745723
32.12,1,Training,0,1,Flat,0,prepare,-0.05720161,0.01235976,-0.3914636,17.31404,358.0606,5.722761
32.12,1,Training,0,1,Flat,0,prepare,-0.05696731,0.01242213,-0.391727,17.45029,358.0215,5.73305
32.14,1,Training,0,1,Flat,0,prepare,-0.05701737,0.01202276,-0.3916289,17.62912,358.0101,5.757995
32.16,1,Training,0,1,Flat,0,prepare,-0.05706004,0.01146445,-0.3914806,17.84645,358.0306,5.768379
32.18,1,Training,0,1,Flat,0,prepare,-0.05722349,0.01116131,-0.3914387,18.10147,358.0671,5.759622
32.2,1,Training,0,1,Flat,0,prepare,-0.05704142,0.01052424,-0.3914921,18.40371,358.1148,5.742793
32.22,1,Training,0,1,Flat,0,prepare,-0.05701974,0.009980669,-0.3914846,18.79246,358.2004,5.734353
32.22,1,Training,0,1,Flat,0,prepare,-0.05681172,0.009028644,-0.3916768,19.23684,358.3183,5.707581
32.24,1,Training,0,1,Flat,0,prepare,-0.05647717,0.008514422,-0.3919337,19.84439,358.4722,5.65039
32.26,1,Training,0,1,Flat,0,prepare,-0.05588939,0.007279352,-0.3914112,20.46987,358.6685,5.681359
32.28,1,Training,0,1,Flat,0,prepare,-0.05588238,0.006267527,-0.3903634,21.0001,358.8657,5.688687
32.3,1,Training,0,1,Flat,0,prepare,-0.05525482,0.005137546,-0.389463,21.37507,359.0318,5.721102
32.32,1,Training,0,1,Flat,0,prepare,-0.05506905,0.004518765,-0.3886202,21.64521,359.211,5.749508
32.32,1,Training,0,1,Flat,0,prepare,-0.0549822,0.004272014,-0.3879516,21.84536,359.3619,5.79066
32.34,1,Training,0,1,Flat,0,prepare,-0.05437203,0.003800803,-0.3876895,22.01092,359.4596,5.854657
32.36,1,Training,0,1,Flat,0,prepare,-0.05449813,0.003463905,-0.3872458,22.19471,359.5285,5.887403
32.38,1,Training,0,1,Flat,0,prepare,-0.05464792,0.003288018,-0.3867959,22.35454,359.5723,5.867936
32.4,1,Training,0,1,Flat,0,prepare,-0.05455187,0.003142332,-0.3863828,22.46205,359.5742,5.829411
32.42,1,Training,0,1,Flat,0,prepare,-0.05457596,0.002826072,-0.3858794,22.51294,359.5569,5.7953
32.42,1,Training,0,1,Flat,0,prepare,-0.05438684,0.00270418,-0.3856309,22.55905,359.5045,5.777009
32.44,1,Training,0,1,Flat,0,prepare,-0.05439305,0.002689238,-0.385574,22.6246,359.4591,5.78257
32.46,1,Training,0,1,Flat,0,prepare,-0.05426504,0.002582253,-0.3854812,22.74172,359.4241,5.790446
32.48,1,Training,0,1,Flat,0,prepare,-0.05412469,0.002282286,-0.385312,22.82961,359.3895,5.785285
32.5,1,Training,0,1,Flat,0,prepare,-0.0541756,0.002270069,-0.3851162,22.92306,359.3863,5.779505
32.52,1,Training,0,1,Flat,0,prepare,-0.05419334,0.002100657,-0.3848218,23.00508,359.4232,5.75844
32.52,1,Training,0,1,Flat,0,prepare,-0.05396065,0.001831697,-0.3844855,23.08933,359.4763,5.731611
32.54,1,Training,0,1,Flat,0,prepare,-0.05389047,0.001623368,-0.3841935,23.16546,359.572,5.715
32.56,1,Training,0,1,Flat,0,prepare,-0.05350861,0.001543595,-0.3842624,23.30904,359.6757,5.701227
32.58,1,Training,0,1,Flat,0,prepare,-0.05335692,0.001401281,-0.3841035,23.514,359.8195,5.685872
32.6,1,Training,0,1,Flat,0,prepare,-0.05286043,0.0009723926,-0.3838537,23.71124,359.9834,5.701609
32.62,1,Training,0,1,Flat,0,prepare,-0.05244418,0.0005894235,-0.383303,23.86404,0.1324469,5.759895
32.62,1,Training,0,1,Flat,0,prepare,-0.0521288,0.0002652223,-0.3826716,23.933,0.2756459,5.842077
32.64,1,Training,0,1,Flat,0,prepare,-0.0518255,0.000175599,-0.3823973,23.93819,0.4008447,5.911137
32.66,1,Training,0,1,Flat,0,prepare,-0.05176697,2.000364E-06,-0.3820732,23.93355,0.5329193,5.939715
32.68,1,Training,0,1,Flat,0,prepare,-0.05159631,6.101839E-05,-0.3821097,23.97929,0.6800354,5.93984
32.7,1,Training,0,1,Flat,0,prepare,-0.05121176,1.401035E-05,-0.3821569,24.0617,0.8125634,5.93426
32.72,1,Training,0,1,Flat,0,prepare,-0.05084104,-3.899995E-05,-0.3819437,24.1163,0.9243977,5.944283
32.72,1,Training,0,1,Flat,0,prepare,-0.05054542,2.292055E-05,-0.3818494,24.09872,0.9938713,5.92507
32.74,1,Training,0,1,Flat,0,prepare,-0.05050708,0.0002126862,-0.3818369,24.00671,1.020443,5.91139
32.76,1,Training,0,1,Flat,0,prepare,-0.05058883,0.0002970885,-0.3819209,23.88096,1.037008,5.852968
32.78,1,Training,0,1,Flat,0,prepare,-0.05050772,0.0004788972,-0.3821454,23.7363,1.02102,5.763775
32.8,1,Training,0,1,Flat,0,prepare,-0.05057214,0.0009321854,-0.3823523,23.61227,0.9974527,5.654227
32.8,1,Training,0,1,Flat,0,prepare,-0.05053464,0.001348571,-0.3823079,23.37453,0.8848721,5.522467
32.82,1,Training,0,1,Flat,0,prepare,-0.05025297,0.002031075,-0.3815838,22.89594,0.7452511,5.354273
32.84,1,Training,0,1,Flat,0,prepare,-0.05130317,0.002593211,-0.379579,22.00307,0.5318334,5.107504
32.86,1,Training,0,1,Flat,0,prepare,-0.05150997,0.005096342,-0.3782874,20.34443,0.01333891,4.659374
32.88,1,Training,0,1,Flat,0,prepare,-0.05222189,0.008206179,-0.3785103,18.31649,359.2425,4.188977
32.9,1,Training,0,1,Flat,0,prepare,-0.05230784,0.01188045,-0.380835,16.57273,358.3556,3.814449
32.9,1,Training,0,1,Flat,0,prepare,-0.05372116,0.01412306,-0.3817603,15.05193,357.5291,3.438987
32.92,1,Training,0,1,Flat,0,prepare,-0.05489266,0.01728582,-0.3821806,13.45938,356.6536,2.984947
32.94,1,Training,0,1,Flat,0,prepare,-0.05580691,0.02089527,-0.3826613,11.42723,355.8074,2.616369
32.96,1,Training,0,1,Flat,0,prepare,-0.05647055,0.02427148,-0.3838391,9.296614,355.036,2.380373
32.98,1,Training,0,1,Flat,0,prepare,-0.05726677,0.02727556,-0.3857889,7.300044,354.3529,2.251681
33,1,Training,0,1,Flat,0,prepare,-0.0574309,0.03064153,-0.3882242,5.485919,353.7258,2.151325
33.02,1,Training,0,1,Flat,0,prepare,-0.05836546,0.03255545,-0.389712,4.114987,353.2607,2.072781
33.02,1,Training,0,1,Flat,0,prepare,-0.05907314,0.0347175,-0.3911823,2.828593,352.8947,2.018356
33.04,1,Training,0,1,Flat,0,prepare,-0.05927132,0.03629597,-0.3926991,1.826578,352.5697,1.985984
33.06,1,Training,0,1,Flat,0,prepare,-0.05936419,0.03754958,-0.3944675,1.186871,352.2951,1.985982
33.08,1,Training,0,1,Flat,0,prepare,-0.05936389,0.03804322,-0.3960533,0.8040333,352.0479,2.024539
33.1,1,Training,0,1,Flat,0,prepare,-0.0596238,0.03835213,-0.3969604,0.7220673,351.8904,2.052322
33.1,1,Training,0,1,Flat,0,prepare,-0.06010006,0.03878379,-0.3976433,0.5268509,351.7372,2.046822
33.12,1,Training,0,1,Flat,0,prepare,-0.06011388,0.03882145,-0.3981752,0.4747146,351.6631,2.006145
33.14,1,Training,0,1,Flat,0,prepare,-0.0600959,0.03867693,-0.39825,0.522778,351.696,1.905448
33.16,1,Training,0,1,Flat,0,prepare,-0.06014915,0.03907031,-0.3989657,0.3122796,351.6203,1.836139
33.18,1,Training,0,1,Flat,0,prepare,-0.05986634,0.03903359,-0.3998946,0.326601,351.5942,1.809142
33.2,1,Training,0,1,Flat,0,prepare,-0.05969844,0.03907922,-0.4003159,0.2697493,351.5422,1.799164
33.2,1,Training,0,1,Flat,0,prepare,-0.05972051,0.03922257,-0.4008299,0.1128291,351.555,1.770783
33.22,1,Training,0,1,Flat,0,prepare,-0.0597011,0.03936154,-0.4007782,359.764,351.6185,1.765108
33.24,1,Training,0,1,Flat,0,prepare,-0.05895207,0.03991974,-0.4019889,359.4354,351.7087,1.787264
33.26,1,Training,0,1,Flat,0,prepare,-0.05871463,0.04026818,-0.4028443,359.1899,351.8381,1.810127
33.28,1,Training,0,1,Flat,0,prepare,-0.05832042,0.04056884,-0.4038968,359.0989,351.9795,1.859055
33.3,1,Training,0,1,Flat,0,prepare,-0.05803585,0.04079929,-0.4048221,359.1182,352.1496,1.899965
33.32,1,Training,0,1,Flat,0,prepare,-0.05764319,0.04077489,-0.405357,359.1773,352.3603,1.905684
33.32,1,Training,0,1,Flat,0,prepare,-0.05736267,0.04091953,-0.4058743,359.2161,352.627,1.88845
33.34,1,Training,0,1,Flat,0,prepare,-0.05678936,0.0410253,-0.4060723,359.1935,352.951,1.880764
33.36,1,Training,0,1,Flat,0,prepare,-0.05593547,0.04066886,-0.406329,359.1165,353.3243,1.891658
33.38,1,Training,0,1,Flat,0,prepare,-0.05537539,0.04112854,-0.4071614,359.0847,353.793,1.921392
33.4,1,Training,0,1,Flat,0,prepare,-0.05479017,0.04156341,-0.4075091,359.0639,354.2964,1.96348
33.4,1,Training,0,1,Flat,0,prepare,-0.05391327,0.04162863,-0.4083557,359.1205,354.7703,2.016233
33.42,1,Training,0,1,Flat,0,prepare,-0.05298584,0.04142378,-0.4086774,359.2012,355.1671,2.091045
33.44,1,Training,0,1,Flat,0,prepare,-0.05266438,0.04159268,-0.4085172,359.2767,355.6417,2.126113
33.46,1,Training,0,1,Flat,0,prepare,-0.05223547,0.04179589,-0.4082778,359.19,356.0102,2.160969
33.48,1,Training,0,1,Flat,0,prepare,-0.05156066,0.04207302,-0.4086293,359.0113,356.3509,2.162788
33.5,1,Training,0,1,Flat,0,prepare,-0.05117093,0.04233865,-0.4087096,358.7381,356.743,2.144794
33.52,1,Training,0,1,Flat,0,prepare,-0.0505901,0.04273665,-0.4098079,358.5533,357.172,2.080139
33.52,1,Training,0,1,Flat,0,prepare,-0.04950436,0.04306221,-0.4111569,358.6098,357.5948,2.07049
33.54,1,Training,0,1,Flat,0,prepare,-0.04857976,0.04275922,-0.4112217,358.7956,357.9731,2.185056
33.56,1,Training,0,1,Flat,0,prepare,-0.04825772,0.04256381,-0.4117027,359.0448,358.3033,2.330153
33.58,1,Training,0,1,Flat,0,prepare,-0.04818049,0.04226066,-0.4116952,359.2421,358.6173,2.435476
33.6,1,Training,0,1,Flat,0,prepare,-0.04765349,0.04203334,-0.4120394,359.4395,358.9515,2.524102
33.6,1,Training,0,1,Flat,0,prepare,-0.04725534,0.04175257,-0.4123611,359.6686,359.3179,2.583203
33.62,1,Training,0,1,Flat,0,prepare,-0.04692029,0.04121808,-0.4123706,359.9363,359.6415,2.649024
33.64,1,Training,0,1,Flat,0,prepare,-0.04673021,0.04062445,-0.4122472,0.2534654,359.9466,2.697367
33.66,1,Training,0,1,Flat,0,prepare,-0.04627301,0.04013189,-0.4125167,0.5629334,0.2382863,2.726068
33.68,1,Training,0,1,Flat,0,prepare,-0.04621451,0.03940057,-0.4126913,0.9126419,0.5295357,2.711149
33.7,1,Training,0,1,Flat,0,prepare,-0.04569647,0.03870041,-0.4131463,1.407838,0.8177108,2.688191
33.72,1,Training,0,1,Flat,0,prepare,-0.04551896,0.03769127,-0.4133279,2.040828,1.09044,2.674098
33.72,1,Training,0,1,Flat,0,prepare,-0.04533247,0.03665891,-0.4134979,2.792624,1.350011,2.681331
33.74,1,Training,0,1,Flat,0,prepare,-0.04500941,0.0350696,-0.4135239,3.617315,1.582435,2.714787
33.76,1,Training,0,1,Flat,0,prepare,-0.04500078,0.03370792,-0.4135449,4.577462,1.775743,2.703014
33.78,1,Training,0,1,Flat,0,prepare,-0.04502614,0.0320156,-0.4133606,5.640095,1.940596,2.736636
33.8,1,Training,0,1,Flat,0,prepare,-0.04472959,0.03102926,-0.4136452,6.253826,2.200282,2.770576
33.8,1,Training,0,1,Flat,0,prepare,-0.04506491,0.02913031,-0.4130221,7.460196,2.26798,2.826689
33.82,1,Training,0,1,Flat,0,prepare,-0.04513493,0.02623505,-0.4116311,9.074334,2.106786,2.995515
33.84,1,Training,0,1,Flat,0,prepare,-0.04524998,0.02439881,-0.4106492,10.09575,2.07803,3.120843
33.86,1,Training,0,1,Flat,0,prepare,-0.04527801,0.02255282,-0.4095418,11.04137,2.078479,3.273132
33.88,1,Training,0,1,Flat,0,prepare,-0.04559211,0.02100365,-0.4087049,11.90946,2.050761,3.434925
33.9,1,Training,0,1,Flat,0,prepare,-0.04562894,0.01905782,-0.4070112,12.61062,1.935243,3.639667
33.9,1,Training,0,1,Flat,0,prepare,-0.04596601,0.01821439,-0.4067856,13.29463,1.838407,3.839932
33.92,1,Training,0,1,Flat,0,prepare,-0.04595089,0.01679562,-0.4061716,13.95399,1.749048,3.999387
33.94,1,Training,0,1,Flat,0,prepare,-0.04637136,0.01577881,-0.4055988,14.56345,1.678665,4.109477
33.96,1,Training,0,1,Flat,0,prepare,-0.04674621,0.01511816,-0.4051305,15.17501,1.633997,4.170292
33.98,1,Training,0,1,Flat,0,prepare,-0.04617737,0.01447357,-0.4044055,15.64006,1.564715,4.195162
34,1,Training,0,1,Flat,0,prepare,-0.04639107,0.01409342,-0.4040916,16.00987,1.581314,4.215875
34,1,Training,0,1,Flat,0,prepare,-0.04661429,0.01341857,-0.4034691,16.28118,1.602048,4.181798
34.02,1,Training,0,1,Flat,0,prepare,-0.04596738,0.01325961,-0.4029227,16.42825,1.668478,4.125472
34.04,1,Training,0,1,Flat,0,prepare,-0.0455398,0.01346368,-0.4022678,16.43073,1.767044,4.04273
34.06,1,Training,0,1,Flat,0,prepare,-0.04529097,0.01358064,-0.4016864,16.32315,1.880729,3.990464
34.08,1,Training,0,1,Flat,0,prepare,-0.04481434,0.0137841,-0.401285,16.19637,1.952063,3.913526
34.1,1,Training,0,1,Flat,0,prepare,-0.04484641,0.01420597,-0.4012473,16.08625,2.037679,3.821346
34.1,1,Training,0,1,Flat,0,prepare,-0.04455841,0.01441874,-0.4011543,16.07815,2.103776,3.737749
34.12,1,Training,0,1,Flat,0,prepare,-0.04411975,0.01480665,-0.4010891,15.96273,2.167896,3.583688
34.14,1,Training,0,1,Flat,0,prepare,-0.04375445,0.01519563,-0.4008561,15.91913,2.21361,3.46866
34.16,1,Training,0,1,Flat,0,prepare,-0.04328255,0.01529901,-0.401018,15.86598,2.229888,3.408509
34.18,1,Training,0,1,Flat,0,prepare,-0.04315583,0.01542552,-0.4007778,15.80462,2.234528,3.369305
34.2,1,Training,0,1,Flat,0,prepare,-0.04249169,0.01539664,-0.4011737,15.72598,2.21236,3.393108
34.2,1,Training,0,1,Flat,0,prepare,-0.04224731,0.01568233,-0.4015532,15.71493,2.184887,3.441453
34.22,1,Training,0,1,Flat,0,prepare,-0.04218941,0.01572192,-0.4019701,15.73065,2.172029,3.469062
34.24,1,Training,0,1,Flat,0,prepare,-0.04209141,0.01550429,-0.4022247,15.73692,2.185811,3.485899
34.26,1,Training,0,1,Flat,0,prepare,-0.04205519,0.01569125,-0.4022965,15.76377,2.201489,3.453851
34.28,1,Training,0,1,Flat,0,prepare,-0.04279698,0.01596831,-0.4021951,15.79214,2.264671,3.436584
34.3,1,Training,0,1,Flat,0,prepare,-0.0424347,0.0160038,-0.4024731,15.80787,2.25219,3.415845
34.3,1,Training,0,1,Flat,0,prepare,-0.04212382,0.01628736,-0.4020044,15.74349,2.189647,3.416316
34.32,1,Training,0,1,Flat,0,prepare,-0.04207604,0.0162632,-0.4018754,15.63533,2.087562,3.452749
34.34,1,Training,0,1,Flat,0,prepare,-0.0421561,0.01656738,-0.4015036,15.51036,1.930741,3.461267
34.36,1,Training,0,1,Flat,0,prepare,-0.04269584,0.01693999,-0.4011711,15.35777,1.762918,3.420849
34.38,1,Training,0,1,Flat,0,prepare,-0.04302303,0.01732711,-0.4007133,15.20938,1.577994,3.315042
34.4,1,Training,0,1,Flat,0,prepare,-0.043364,0.01769887,-0.4005888,15.11175,1.400726,3.134986
34.4,1,Training,0,1,Flat,0,prepare,-0.04325742,0.01796132,-0.4002173,15.08142,1.226215,2.976329
34.42,1,Training,0,1,Flat,0,prepare,-0.04300588,0.01790008,-0.3999606,15.09391,1.065101,2.929475
34.44,1,Training,0,1,Flat,0,prepare,-0.04241513,0.01728632,-0.3997176,15.09373,0.8916189,3.049415
34.46,1,Training,0,1,Flat,0,prepare,-0.04242404,0.01673242,-0.4000585,15.17189,0.7538381,3.189208
34.48,1,Training,0,1,Flat,0,prepare,-0.04279634,0.01662012,-0.4007466,15.41766,0.6773102,3.239446
34.5,1,Training,0,1,Flat,0,prepare,-0.04324612,0.01630194,-0.4012983,15.76714,0.7064498,3.168401
34.5,1,Training,0,1,Flat,0,prepare,-0.0430204,0.01565852,-0.4014961,16.12206,0.7736521,3.011309
34.52,1,Training,0,1,Flat,0,prepare,-0.04284525,0.01520208,-0.4013736,16.36935,0.860651,2.817065
34.54,1,Training,0,1,Flat,0,prepare,-0.04251035,0.0147674,-0.4009205,16.47906,0.9350561,2.713143
34.56,1,Training,0,1,Flat,0,prepare,-0.04238014,0.01489212,-0.4008661,16.47325,0.9864259,2.663908
34.58,1,Training,0,1,Flat,0,prepare,-0.04190987,0.01471742,-0.4007739,16.38436,1.026123,2.640272
34.6,1,Training,0,1,Flat,0,prepare,-0.04182524,0.01484924,-0.400917,16.31734,1.091215,2.654557
34.6,1,Training,0,1,Flat,0,prepare,-0.04177874,0.01500956,-0.4010819,16.29471,1.132216,2.710802
34.62,1,Training,0,1,Flat,0,prepare,-0.04159449,0.01465875,-0.4013476,16.33955,1.168876,2.793025
34.64,1,Training,0,1,Flat,0,prepare,-0.04129715,0.01431892,-0.4015543,16.48204,1.201096,2.888811
34.66,1,Training,0,1,Flat,0,prepare,-0.04147876,0.01389396,-0.4019859,16.69623,1.220686,2.966031
34.68,1,Training,0,1,Flat,0,prepare,-0.04138996,0.01347867,-0.4022811,17.03942,1.23565,2.998547
34.7,1,Training,0,1,Flat,0,prepare,-0.04114715,0.01272172,-0.4024793,17.44223,1.255337,3.06829
34.7,1,Training,0,1,Flat,0,prepare,-0.0409955,0.01195591,-0.4024293,17.88747,1.230947,3.146961
34.72,1,Training,0,1,Flat,0,prepare,-0.04085568,0.01097695,-0.4022666,18.2744,1.221269,3.209239
34.74,1,Training,0,1,Flat,0,prepare,-0.04096926,0.01028427,-0.4018761,18.64178,1.203161,3.2139
34.76,1,Training,0,1,Flat,0,prepare,-0.04091699,0.009770567,-0.4016792,18.9998,1.178409,3.20399
34.78,1,Training,0,1,Flat,0,prepare,-0.0410937,0.009122768,-0.4014053,19.35872,1.143937,3.191441
34.8,1,Training,0,1,Flat,0,prepare,-0.04097138,0.008445121,-0.4011936,19.66759,1.109124,3.198037
34.8,1,Training,0,1,Flat,0,prepare,-0.04082859,0.007867865,-0.4008661,19.96308,1.088064,3.228779
34.82,1,Training,0,1,Flat,0,prepare,-0.04058188,0.00741485,-0.4007943,20.23392,1.062251,3.284815
34.84,1,Training,0,1,Flat,0,prepare,-0.04047434,0.007148528,-0.4004663,20.44406,1.049208,3.307919
34.86,1,Training,0,1,Flat,0,prepare,-0.04059477,0.007066779,-0.4002229,20.58045,1.064861,3.326651
34.88,1,Training,0,1,Flat,0,prepare,-0.04021499,0.006734481,-0.4001585,20.66908,1.069476,3.350177
34.9,1,Training,0,1,Flat,0,prepare,-0.04033396,0.006613791,-0.4001831,20.74021,1.094015,3.367883
34.9,1,Training,0,1,Flat,0,prepare,-0.04005986,0.006296475,-0.400419,20.83091,1.119478,3.392563
34.92,1,Training,0,1,Flat,0,prepare,-0.04014047,0.006216053,-0.400408,20.91975,1.161401,3.384884
34.94,1,Training,0,1,Flat,0,prepare,-0.04027135,0.006248343,-0.4001139,20.95964,1.221227,3.367848
34.96,1,Training,0,1,Flat,0,prepare,-0.03996724,0.006208087,-0.3998678,20.92334,1.280547,3.346303
34.98,1,Training,0,1,Flat,0,prepare,-0.03977163,0.006365182,-0.3996161,20.81667,1.341088,3.353207
35,1,Training,0,1,Flat,0,prepare,-0.03938566,0.006441293,-0.3996202,20.71428,1.402841,3.408169
35,1,Training,0,1,Flat,0,prepare,-0.03936663,0.006634804,-0.399795,20.61516,1.454684,3.465308
35.02,1,Training,0,1,Flat,0,prepare,-0.03933385,0.006702312,-0.4000366,20.5672,1.498587,3.492764
35.04,1,Training,0,1,Flat,0,prepare,-0.03928518,0.006593314,-0.400344,20.58989,1.53414,3.547073
35.06,1,Training,0,1,Flat,0,prepare,-0.03928213,0.006456245,-0.4003372,20.65901,1.576224,3.588452
35.08,1,Training,0,1,Flat,0,prepare,-0.0392317,0.006356926,-0.4003842,20.69162,1.614373,3.617692
35.1,1,Training,0,1,Flat,0,prepare,-0.03918091,0.00625483,-0.4004357,20.72483,1.653257,3.647506
35.1,1,Training,0,1,Flat,0,prepare,-0.03913093,0.006152782,-0.4004894,20.75777,1.691881,3.67713
35.12,1,Training,0,1,Flat,0,prepare,-0.03908123,0.006050066,-0.4005454,20.79073,1.730581,3.706822
35.14,1,Training,0,1,Flat,0,prepare,-0.03903184,0.00594708,-0.4006031,20.82363,1.769258,3.736506
35.16,1,Training,0,1,Flat,0,prepare,-0.03898259,0.005843656,-0.4006622,20.85656,1.808012,3.76626
35.18,1,Training,0,1,Flat,0,prepare,-0.03990761,0.007173417,-0.3992097,20.60766,1.458154,3.840867
35.2,1,Training,0,1,Flat,0,learning,-0.04093907,0.008354708,-0.3975962,20.50609,1.317157,3.58823
35.22,1,Training,0,1,Flat,0,learning,-0.04093327,0.008739763,-0.3966283,20.31802,1.179272,3.528142
35.24,1,Training,0,1,Flat,0,learning,-0.04064292,0.008579487,-0.3957399,20.06115,1.016189,3.630299
35.26,1,Training,0,1,Flat,0,learning,-0.04018761,0.008489192,-0.396027,19.88127,0.7936935,3.871199
35.28,1,Training,0,1,Flat,0,learning,-0.0404562,0.008350069,-0.3968007,19.92316,0.6346222,4.166395
35.28,1,Training,0,1,Flat,0,learning,-0.04121881,0.007970003,-0.3977798,20.21585,0.5595666,4.360951
35.3,1,Training,0,1,Flat,0,learning,-0.04245098,0.007702145,-0.3982509,20.64665,0.5792403,4.371861
35.32,1,Training,0,1,Flat,0,learning,-0.04284423,0.006929151,-0.3977555,20.96972,0.6653218,4.24398
35.34,1,Training,0,1,Flat,0,learning,-0.04293405,0.006392969,-0.3969015,21.08469,0.7685097,4.095475
35.36,1,Training,0,1,Flat,0,learning,-0.04263314,0.005934904,-0.3963083,21.04911,0.8306664,4.058943
35.36,1,Training,0,1,Flat,0,learning,-0.04235805,0.005687831,-0.3959927,20.89355,0.917654,4.135953
35.38,1,Training,0,1,Flat,0,learning,-0.04209814,0.006010719,-0.3963849,20.73882,0.9970656,4.250996
35.4,1,Training,0,1,Flat,0,learning,-0.04206645,0.006198884,-0.3966632,20.64913,1.080238,4.369835
35.42,1,Training,0,1,Flat,0,learning,-0.04240237,0.006378189,-0.3966251,20.60696,1.127996,4.430221
35.44,1,Training,0,1,Flat,0,learning,-0.04253915,0.006401601,-0.3966579,20.58502,1.163751,4.484363
35.46,1,Training,0,1,Flat,0,learning,-0.04244258,0.00675868,-0.3970259,20.56993,1.145634,4.514167
35.46,1,Training,0,1,Flat,0,learning,-0.04217937,0.006443661,-0.3970738,20.53866,1.097507,4.548123
35.48,1,Training,0,1,Flat,0,learning,-0.04215894,0.006383827,-0.397207,20.51288,1.019152,4.572606
35.5,1,Training,0,1,Flat,0,learning,-0.0424538,0.006632393,-0.3973255,20.46865,0.917675,4.578345
35.52,1,Training,0,1,Flat,0,learning,-0.04276129,0.00666133,-0.3974472,20.37798,0.79814,4.563531
35.54,1,Training,0,1,Flat,0,learning,-0.04327768,0.006993631,-0.3969941,20.16601,0.6234425,4.485944
35.56,1,Training,0,1,Flat,0,learning,-0.04320561,0.007371827,-0.3976966,19.87947,0.418419,4.402452
35.56,1,Training,0,1,Flat,0,learning,-0.04363035,0.007807842,-0.3981796,19.65158,0.2220901,4.330764
35.58,1,Training,0,1,Flat,0,learning,-0.04376237,0.008190573,-0.39887,19.51884,0.04467843,4.309765
35.6,1,Training,0,1,Flat,0,learning,-0.04348887,0.008145497,-0.3991466,19.3823,359.8351,4.279016
35.62,1,Training,0,1,Flat,0,learning,-0.04399749,0.008480122,-0.399193,19.23616,359.644,4.253885
35.64,1,Training,0,1,Flat,0,learning,-0.04417669,0.00911203,-0.3995032,19.07593,359.4124,4.212599
35.66,1,Training,0,1,Flat,0,learning,-0.04496926,0.009663199,-0.3993713,18.91936,359.1883,4.197156
35.66,1,Training,0,1,Flat,0,learning,-0.04496403,0.009690005,-0.3992213,18.74555,358.9411,4.20904
35.68,1,Training,0,1,Flat,0,learning,-0.0453749,0.009851627,-0.398877,18.48998,358.7182,4.207272
35.7,1,Training,0,1,Flat,0,learning,-0.04607058,0.01051976,-0.3989222,18.19437,358.4602,4.196768
35.72,1,Training,0,1,Flat,0,learning,-0.04633528,0.01120595,-0.3992835,17.92415,358.1974,4.210707
35.74,1,Training,0,1,Flat,0,learning,-0.04715972,0.01166558,-0.399049,17.53206,357.8645,4.15466
35.76,1,Training,0,1,Flat,0,learning,-0.04777075,0.01235908,-0.399138,17.13196,357.5348,4.10076
35.76,1,Training,0,1,Flat,0,learning,-0.04835716,0.01295622,-0.3991924,16.6694,357.2068,4.026352
35.78,1,Training,0,1,Flat,0,learning,-0.04880653,0.01384307,-0.3993639,16.20673,356.9187,3.962753
35.8,1,Training,0,1,Flat,0,learning,-0.04887271,0.01449237,-0.400114,15.7882,356.6678,3.96102
35.82,1,Training,0,1,Flat,0,learning,-0.04937126,0.01499839,-0.4007438,15.47748,356.4441,3.979198
35.84,1,Training,0,1,Flat,0,learning,-0.04974429,0.01546472,-0.401594,15.28087,356.2416,4.015171
35.86,1,Training,0,1,Flat,0,learning,-0.05015879,0.0158233,-0.4020879,15.15879,356.0425,4.04732
35.86,1,Training,0,1,Flat,0,learning,-0.05047052,0.01617059,-0.4023365,15.05551,355.8376,4.057805
35.88,1,Training,0,1,Flat,0,learning,-0.05108292,0.01605525,-0.4023116,14.86964,355.5869,4.08055
35.9,1,Training,0,1,Flat,0,learning,-0.05162181,0.01632132,-0.4029067,14.70072,355.3422,4.136797
35.92,1,Training,0,1,Flat,0,learning,-0.05195788,0.01686389,-0.4036916,14.60801,355.1364,4.220253
35.94,1,Training,0,1,Flat,0,learning,-0.05254504,0.0166949,-0.4041378,14.56486,354.9677,4.234016
35.96,1,Training,0,1,Flat,0,learning,-0.05248714,0.01675442,-0.4044666,14.56777,354.856,4.303439
35.96,1,Training,0,1,Flat,0,learning,-0.05291266,0.01654193,-0.4047859,14.5489,354.7852,4.37964
35.98,1,Training,0,1,Flat,0,learning,-0.05320339,0.01670065,-0.4048345,14.55974,354.7655,4.453804
36,1,Training,0,1,Flat,0,learning,-0.05368001,0.01674691,-0.4052936,14.51342,354.772,4.488985
36.02,1,Training,0,1,Flat,0,learning,-0.05361067,0.01690608,-0.4056745,14.49387,354.7609,4.482652
36.04,1,Training,0,1,Flat,0,learning,-0.05374822,0.01703906,-0.4061435,14.44124,354.7958,4.477487
36.06,1,Training,0,1,Flat,0,learning,-0.05364601,0.0165602,-0.4062167,14.36944,354.8501,4.521764
36.06,1,Training,0,1,Flat,0,learning,-0.05354388,0.01641061,-0.4068347,14.34473,354.9868,4.573411
36.08,1,Training,0,1,Flat,0,learning,-0.05346163,0.0166355,-0.4072097,14.30006,355.0719,4.568878
36.1,1,Training,0,1,Flat,0,learning,-0.05386977,0.01703822,-0.407479,14.23796,355.279,4.547498
36.12,1,Training,0,1,Flat,0,learning,-0.05323738,0.01688139,-0.4075257,14.08421,355.4355,4.533836
36.14,1,Training,0,1,Flat,0,learning,-0.05297793,0.01739674,-0.4078212,13.89595,355.5772,4.594874
36.16,1,Training,0,1,Flat,0,learning,-0.05265317,0.01762372,-0.4081689,13.64531,355.6684,4.630771
36.16,1,Training,0,1,Flat,0,learning,-0.0524925,0.01799049,-0.4087257,13.41903,355.7433,4.693719
36.18,1,Training,0,1,Flat,0,learning,-0.05256733,0.01869016,-0.409432,13.27534,355.8016,4.702926
36.2,1,Training,0,1,Flat,0,learning,-0.05267189,0.01892311,-0.4096724,13.08436,355.8263,4.717615
36.22,1,Training,0,1,Flat,0,learning,-0.05313182,0.01964815,-0.4098839,12.79311,355.7981,4.681113
36.24,1,Training,0,1,Flat,0,learning,-0.05305329,0.02019777,-0.4097604,12.42887,355.705,4.655423
36.26,1,Training,0,1,Flat,0,learning,-0.05309594,0.02085039,-0.4095308,11.89977,355.4744,4.635268
36.26,1,Training,0,1,Flat,0,learning,-0.05278547,0.02247175,-0.4096054,11.23815,355.1118,4.598267
36.28,1,Training,0,1,Flat,0,learning,-0.05541423,0.02342625,-0.4093781,10.49835,354.6108,4.384522
36.3,1,Training,0,1,Flat,0,learning,-0.05550905,0.0248566,-0.4114162,9.842352,353.9006,4.288204
36.32,1,Training,0,1,Flat,0,learning,-0.05611942,0.02526175,-0.4120577,9.237377,353.0622,4.214674
36.34,1,Training,0,1,Flat,0,learning,-0.0576432,0.02670272,-0.4124464,8.572145,351.996,4.019044
36.36,1,Training,0,1,Flat,0,learning,-0.06032732,0.02777028,-0.4132311,7.940887,350.7809,3.795557
36.36,1,Training,0,1,Flat,0,learning,-0.06148499,0.02842795,-0.4143944,7.297036,349.4279,3.554719
36.38,1,Training,0,1,Flat,0,learning,-0.06351316,0.02922532,-0.4148268,6.679793,348.1027,3.292658
36.4,1,Training,0,1,Flat,0,learning,-0.06519207,0.03052652,-0.4158316,6.035558,346.8407,3.018585
36.42,1,Training,0,1,Flat,0,learning,-0.06655002,0.03138988,-0.4166543,5.354206,345.5006,2.803759
36.44,1,Training,0,1,Flat,0,learning,-0.06784095,0.03270921,-0.4173907,4.695563,344.0319,2.671586
36.46,1,Training,0,1,Flat,0,learning,-0.06993461,0.03373099,-0.4187132,3.973667,342.5553,2.58926
36.46,1,Training,0,1,Flat,0,learning,-0.0724535,0.03429633,-0.4193686,3.145966,341.0064,2.391542
36.48,1,Training,0,1,Flat,0,learning,-0.07418826,0.0358071,-0.4211446,2.392184,339.7084,2.151443
36.5,1,Training,0,1,Flat,0,learning,-0.07507557,0.03676555,-0.4228641,1.793547,338.5084,1.942677
36.52,1,Training,0,1,Flat,0,learning,-0.07613454,0.03737965,-0.4244124,1.36331,337.3728,1.790235
36.54,1,Training,0,1,Flat,0,learning,-0.07705367,0.03837558,-0.4254742,1.035757,336.3837,1.584511
36.56,1,Training,0,1,Flat,0,learning,-0.07891344,0.03858373,-0.4256196,0.6683489,335.6185,1.430955
36.56,1,Training,0,1,Flat,0,learning,-0.07895791,0.03931659,-0.4258636,0.1572433,335.0919,1.24604
36.58,1,Training,0,1,Flat,0,learning,-0.07969265,0.03957013,-0.4263238,359.7115,334.5446,1.17015
36.6,1,Training,0,1,Flat,0,learning,-0.07940798,0.03956049,-0.4263361,359.4186,334.2153,1.162543
36.62,1,Training,0,1,Flat,0,learning,-0.08022363,0.04015762,-0.4266227,359.0841,333.9087,1.211634
36.64,1,Training,0,1,Flat,0,learning,-0.08044429,0.04097047,-0.4267578,358.6414,333.6173,1.211809
36.66,1,Training,0,1,Flat,0,learning,-0.08153559,0.04138971,-0.4263052,358.1092,333.373,1.107973
36.66,1,Training,0,1,Flat,0,learning,-0.08142721,0.04220692,-0.4260907,357.4598,333.1041,0.9736699
36.68,1,Training,0,1,Flat,0,learning,-0.08130048,0.04320315,-0.4264387,356.821,332.8066,0.8960953
36.7,1,Training,0,1,Flat,0,learning,-0.08062059,0.04412996,-0.4272853,356.2402,332.508,0.8839465
36.72,1,Training,0,1,Flat,0,learning,-0.08103462,0.04495,-0.4276072,355.695,332.0923,0.952485
36.74,1,Training,0,1,Flat,0,learning,-0.08051305,0.04591122,-0.4276203,355.1895,331.4361,1.220394
36.76,1,Training,0,1,Flat,0,learning,-0.08301564,0.04684481,-0.4294004,354.6722,330.555,1.466261
36.76,1,Training,0,1,Flat,0,learning,-0.08432528,0.04768451,-0.4311707,354.1754,329.5653,1.430154
36.78,1,Training,0,1,Flat,0,learning,-0.08507784,0.04797723,-0.4327967,353.8182,328.6499,1.4102
36.8,1,Training,0,1,Flat,0,learning,-0.08499387,0.04791053,-0.4330933,353.5894,327.6494,1.546339
36.82,1,Training,0,1,Flat,0,learning,-0.08675018,0.04821198,-0.4342976,353.4333,326.4713,1.72884
36.84,1,Training,0,1,Flat,0,learning,-0.08973464,0.04821938,-0.4353819,353.2177,325.0955,1.881083
36.86,1,Training,0,1,Flat,0,learning,-0.0916014,0.04832783,-0.4367828,353.0001,323.6739,2.042089
36.86,1,Training,0,1,Flat,0,learning,-0.09286997,0.04911144,-0.4378973,352.808,322.2056,2.285762
36.88,1,Training,0,1,Flat,0,learning,-0.09546237,0.048883,-0.4392627,352.6898,320.678,2.720379
36.9,1,Training,0,1,Flat,0,learning,-0.09611351,0.04870981,-0.440335,352.6017,319.084,3.14581
36.92,1,Training,0,1,Flat,0,learning,-0.09794725,0.04850711,-0.4410387,352.5039,317.6853,3.584531
36.94,1,Training,0,1,Flat,0,learning,-0.09886759,0.04897005,-0.4415838,352.359,316.3727,4.078389
36.96,1,Training,0,1,Flat,0,learning,-0.09963769,0.0488452,-0.4412286,352.134,314.9557,4.938872
36.96,1,Training,0,1,Flat,0,learning,-0.1023881,0.04944715,-0.4421477,351.7469,313.5139,5.821033
36.98,1,Training,0,1,Flat,0,learning,-0.10531,0.04961313,-0.4439509,351.171,312.1824,6.533592
37,1,Training,0,1,Flat,0,learning,-0.1063995,0.05019293,-0.4445481,350.5651,310.9635,7.037926
37.02,1,Training,0,1,Flat,0,learning,-0.1073923,0.05083891,-0.4457594,349.9759,309.8755,7.522781
37.04,1,Training,0,1,Flat,0,learning,-0.108633,0.05045294,-0.4470622,349.5418,308.8358,8.026343
37.06,1,Training,0,1,Flat,0,learning,-0.1083994,0.05096117,-0.4489787,349.4575,307.6106,8.604003
37.06,1,Training,0,1,Flat,0,learning,-0.1098807,0.05072287,-0.4509045,349.5471,306.6129,8.897233
37.08,1,Training,0,1,Flat,0,learning,-0.1113641,0.05140691,-0.4524485,349.8175,305.7852,8.745375
37.1,1,Training,0,1,Flat,0,learning,-0.1118596,0.05065916,-0.4533072,350.1585,305.2635,8.537479
37.12,1,Training,0,1,Flat,0,learning,-0.1118045,0.05038644,-0.4521531,350.4823,304.9182,8.349918
37.14,1,Training,0,1,Flat,0,learning,-0.1115386,0.05014034,-0.4508579,350.7911,304.7276,8.310835
37.16,1,Training,0,1,Flat,0,learning,-0.1123513,0.0502044,-0.4506359,351.0095,304.3134,8.546831
37.16,1,Training,0,1,Flat,0,learning,-0.1135152,0.04975897,-0.4498274,351.061,303.8475,8.883797
37.18,1,Training,0,1,Flat,0,learning,-0.1138656,0.04938178,-0.4509189,351.1628,303.5191,9.07682
37.2,1,Training,0,1,Flat,0,learning,-0.1135161,0.04940004,-0.4514439,351.373,303.4468,8.935611
37.22,1,Training,0,1,Flat,0,learning,-0.1146359,0.04911058,-0.4509971,351.5888,303.5462,8.710944
37.24,1,Training,0,1,Flat,0,learning,-0.1146687,0.04892209,-0.4509784,351.9388,303.6949,8.731244
37.26,1,Training,0,1,Flat,0,learning,-0.1148197,0.0483585,-0.4504581,352.282,303.4704,9.080961
37.26,1,Training,0,1,Flat,0,learning,-0.1163646,0.04777401,-0.4504952,352.5179,303.0284,9.617684
37.28,1,Training,0,1,Flat,0,learning,-0.1188301,0.04732153,-0.4521871,352.5926,302.4515,9.777492
37.3,1,Training,0,1,Flat,0,learning,-0.1194948,0.04702094,-0.4530636,352.6178,301.9321,9.675995
37.32,1,Training,0,1,Flat,0,learning,-0.1203605,0.0466013,-0.4540161,352.8218,301.3301,9.705078
37.34,1,Training,0,1,Flat,0,learning,-0.1211418,0.04621062,-0.4555975,353.1878,300.5883,9.768856
37.36,1,Training,0,1,Flat,0,learning,-0.1208147,0.04602474,-0.4564668,353.6631,299.8707,9.87656
37.36,1,Training,0,1,Flat,0,learning,-0.121127,0.04477855,-0.4577553,354.2562,299.4978,9.915312
37.38,1,Training,0,1,Flat,0,learning,-0.1221858,0.04396562,-0.4596237,354.636,299.3615,9.787115
37.4,1,Training,0,1,Flat,0,learning,-0.1217592,0.04378921,-0.4588751,354.9309,299.5782,9.440426
37.42,1,Training,0,1,Flat,0,learning,-0.1211777,0.04468179,-0.4571401,354.9942,300.0843,9.249494
37.44,1,Training,0,1,Flat,0,learning,-0.1224703,0.04414233,-0.4574584,354.7938,300.7488,9.222428
37.46,1,Training,0,1,Flat,0,learning,-0.1212685,0.04402593,-0.4571807,354.6065,301.5075,9.18791
37.46,1,Training,0,1,Flat,0,learning,-0.1203828,0.04410346,-0.4570563,354.4934,302.5467,9.072419
37.48,1,Training,0,1,Flat,0,learning,-0.1185497,0.04402415,-0.4553317,354.4996,303.7873,8.919014
37.5,1,Training,0,1,Flat,0,learning,-0.1163188,0.04443124,-0.4538381,354.6133,305.227,8.856854
37.52,1,Training,0,1,Flat,0,learning,-0.1151575,0.04416779,-0.4524767,354.773,306.7573,8.829638
37.54,1,Training,0,1,Flat,0,learning,-0.1140433,0.0442674,-0.4518051,355.0164,308.4203,8.559168
37.56,1,Training,0,1,Flat,0,learning,-0.111062,0.04396839,-0.4507689,355.3473,310.274,8.116953
37.56,1,Training,0,1,Flat,0,learning,-0.1079203,0.04384702,-0.4491427,355.7326,312.4163,7.580745
37.58,1,Training,0,1,Flat,0,learning,-0.1040101,0.04344172,-0.4465029,356.0972,314.8774,7.098308
37.6,1,Training,0,1,Flat,0,learning,-0.09798294,0.04414406,-0.4427483,356.4843,317.7476,6.598354
37.62,1,Training,0,1,Flat,0,learning,-0.09188634,0.04329921,-0.4414595,356.9803,321.2092,6.144516
37.64,1,Training,0,1,Flat,0,learning,-0.08634824,0.0413946,-0.4374413,357.5619,325.0766,5.686359
37.66,1,Training,0,1,Flat,0,learning,-0.082949,0.04007212,-0.4341211,358.1737,328.824,5.059407
37.66,1,Training,0,1,Flat,0,learning,-0.07720014,0.03980497,-0.4285109,358.4333,332.4032,4.538576
37.68,1,Training,0,1,Flat,0,learning,-0.07279056,0.03888535,-0.4252462,358.3709,335.6216,4.26929
37.7,1,Training,0,1,Flat,0,learning,-0.06846525,0.03836156,-0.4225633,358.0866,338.5259,4.059412
37.72,1,Training,0,1,Flat,0,learning,-0.06264368,0.03913509,-0.4213294,357.7831,341.6427,3.976898
37.74,1,Training,0,1,Flat,0,learning,-0.05681824,0.03990639,-0.4210126,357.4895,344.5932,4.009131
37.76,1,Training,0,1,Flat,0,learning,-0.05202863,0.0409728,-0.4199258,357.1844,347.7673,4.179529
37.76,1,Training,0,1,Flat,0,learning,-0.04836823,0.04187927,-0.4205059,357.2023,350.4573,4.229304
37.78,1,Training,0,1,Flat,0,learning,-0.04534965,0.04127922,-0.4208889,357.3873,352.7396,4.332148
37.8,1,Training,0,1,Flat,0,learning,-0.04127451,0.04101042,-0.4216329,357.8007,354.9106,4.272142
37.82,1,Training,0,1,Flat,0,learning,-0.03834726,0.04064134,-0.4207042,358.4001,357.1811,4.149709
37.84,1,Training,0,1,Flat,0,learning,-0.03532755,0.04061663,-0.4205226,358.712,359.2688,4.085179
37.86,1,Training,0,1,Flat,0,learning,-0.03183014,0.03914268,-0.4201459,359.1147,1.333938,4.129217
37.86,1,Training,0,1,Flat,0,learning,-0.02887493,0.03816237,-0.4200364,359.5282,3.232783,4.243469
37.88,1,Training,0,1,Flat,0,learning,-0.02652594,0.03750138,-0.4192905,0.06615494,5.2172,4.509487
37.9,1,Training,0,1,Flat,0,learning,-0.02442735,0.03643867,-0.4200058,1.059085,7.166948,4.736208
37.92,1,Training,0,1,Flat,0,learning,-0.02127528,0.03551946,-0.4195231,1.884481,9.207759,4.76614
37.94,1,Training,0,1,Flat,0,learning,-0.01872807,0.03477652,-0.4173401,2.681628,11.08252,4.764438
37.96,1,Training,0,1,Flat,0,learning,-0.01471961,0.03377941,-0.4151048,3.208957,13.06234,4.840065
37.96,1,Training,0,1,Flat,0,learning,-0.01370893,0.03280338,-0.4132455,3.516431,14.74332,4.863564
37.98,1,Training,0,1,Flat,0,learning,-0.01059625,0.03192757,-0.4119369,3.708719,16.19901,4.931826
38,1,Training,0,1,Flat,0,learning,-0.00797151,0.03183631,-0.4117286,3.772774,17.79492,4.878819
38.02,1,Training,0,1,Flat,0,learning,-0.005841952,0.03219698,-0.4113553,3.760437,19.51097,4.686711
38.04,1,Training,0,1,Flat,0,learning,-0.003270917,0.03190674,-0.4098523,3.603968,21.20142,4.468992
38.06,1,Training,0,1,Flat,0,learning,-0.0007741619,0.03139897,-0.4093657,3.297713,22.89408,4.326915
38.06,1,Training,0,1,Flat,0,learning,0.002239302,0.03134701,-0.4104554,2.960451,24.61688,4.105796
38.08,1,Training,0,1,Flat,0,learning,0.0048087,0.03287512,-0.4113576,2.76782,26.56672,3.577389
38.1,1,Training,0,1,Flat,0,learning,0.007836409,0.03348754,-0.4123243,2.544988,28.72612,3.059537
38.12,1,Training,0,1,Flat,0,learning,0.01111806,0.03352887,-0.412991,2.34521,30.65271,2.664511
38.14,1,Training,0,1,Flat,0,learning,0.01475928,0.03385683,-0.4138696,2.152766,32.29393,2.512326
38.16,1,Training,0,1,Flat,0,learning,0.01628342,0.0338848,-0.4136692,2.005757,33.77596,2.435949
38.16,1,Training,0,1,Flat,0,learning,0.01723178,0.03427469,-0.4131512,1.963307,35.03158,2.320842
38.18,1,Training,0,1,Flat,0,learning,0.01865359,0.03427374,-0.413396,1.968935,35.83069,2.252667
38.2,1,Training,0,1,Flat,0,learning,0.01970812,0.03443045,-0.4128598,1.90448,36.92429,2.155562
38.22,1,Training,0,1,Flat,0,learning,0.02201487,0.03370373,-0.4131616,1.858391,38.07844,2.075111
38.24,1,Training,0,1,Flat,0,learning,0.02321188,0.03428973,-0.4131822,1.85269,39.00106,2.064401
38.26,1,Training,0,1,Flat,0,learning,0.02392651,0.0338999,-0.4133425,1.900772,39.91319,2.126585
38.26,1,Training,0,1,Flat,0,learning,0.02530469,0.03391648,-0.4134508,2.04246,40.84868,2.197272
38.28,1,Training,0,1,Flat,0,learning,0.02675068,0.03362105,-0.4135233,2.154289,41.79918,2.286734
38.3,1,Training,0,1,Flat,0,learning,0.02801717,0.03294027,-0.4136834,2.253983,42.66345,2.423517
38.32,1,Training,0,1,Flat,0,learning,0.02910154,0.03321105,-0.4134708,2.428557,43.36887,2.602966
38.34,1,Training,0,1,Flat,0,learning,0.03083367,0.0321849,-0.4135833,2.567205,43.89314,2.914254
38.36,1,Training,0,1,Flat,0,learning,0.03117498,0.0322606,-0.411954,2.708745,44.24613,3.145833
38.36,1,Training,0,1,Flat,0,learning,0.03110761,0.03199272,-0.4110652,2.837437,44.40414,3.221246
38.38,1,Training,0,1,Flat,0,learning,0.03077643,0.03137131,-0.4100461,2.999897,44.54607,3.17163
38.4,1,Training,0,1,Flat,0,learning,0.0316013,0.03065981,-0.4094322,3.199251,44.75435,3.07661
38.42,1,Training,0,1,Flat,0,learning,0.03162591,0.03077544,-0.4094828,3.387619,44.99971,3.073272
38.44,1,Training,0,1,Flat,0,learning,0.03240171,0.03001099,-0.409675,3.590977,45.38644,3.140409
38.46,1,Training,0,1,Flat,0,learning,0.03320067,0.02960088,-0.4093261,3.857939,45.87908,3.149606
38.46,1,Training,0,1,Flat,0,learning,0.03440334,0.02927884,-0.4104061,4.154006,46.48958,3.282877
38.48,1,Training,0,1,Flat,0,learning,0.03603606,0.02778109,-0.4105054,4.472779,47.10689,3.635498
38.5,1,Training,0,1,Flat,0,learning,0.03736772,0.02720166,-0.411359,4.833375,47.57375,4.103428
38.52,1,Training,0,1,Flat,0,learning,0.03753615,0.0262289,-0.4109222,5.339722,47.91984,4.649982
38.54,1,Training,0,1,Flat,0,learning,0.03723195,0.02559464,-0.4104738,5.987925,48.21571,5.148225
38.56,1,Training,0,1,Flat,0,learning,0.03785244,0.02408635,-0.4099801,6.700527,48.41417,5.595263
38.56,1,Training,0,1,Flat,0,learning,0.03886581,0.02257439,-0.4097304,7.507545,48.52902,6.047428
38.58,1,Training,0,1,Flat,0,learning,0.03866312,0.02101748,-0.4090084,8.33527,48.57952,6.429527
38.6,1,Training,0,1,Flat,0,learning,0.03872595,0.01960139,-0.407936,9.15085,48.68128,6.630534
38.62,1,Training,0,1,Flat,0,learning,0.03949735,0.01816551,-0.407165,9.943198,48.76206,6.768763
38.64,1,Training,0,1,Flat,0,learning,0.04007013,0.01687325,-0.4063491,10.68669,48.84274,6.888052
38.66,1,Training,0,1,Flat,0,learning,0.04073254,0.01581702,-0.4052272,11.27035,48.94574,6.920571
38.66,1,Training,0,1,Flat,0,learning,0.0415759,0.01475441,-0.4049256,11.80128,49.02544,6.925048
38.68,1,Training,0,1,Flat,0,learning,0.04152462,0.01340282,-0.4037537,12.28586,49.18062,6.833337
38.7,1,Training,0,1,Flat,0,learning,0.04323691,0.01262929,-0.4038167,12.70067,49.43048,6.524979
38.72,1,Training,0,1,Flat,0,learning,0.0449023,0.01246712,-0.4036393,12.95615,49.86158,6.357869
38.74,1,Training,0,1,Flat,0,learning,0.04597408,0.01226516,-0.4031785,13.13136,50.31002,6.307694
38.76,1,Training,0,1,Flat,0,learning,0.04738638,0.0116926,-0.4036677,13.23219,50.67462,6.32376
38.76,1,Training,0,1,Flat,0,learning,0.04850188,0.01182282,-0.4033093,13.26553,51.01629,6.378089
38.78,1,Training,0,1,Flat,0,learning,0.04962886,0.01171076,-0.4027483,13.14422,51.24373,6.431694
38.8,1,Training,0,1,Flat,0,learning,0.04986349,0.01229617,-0.4024749,12.98407,51.39853,6.459323
38.82,1,Training,0,1,Flat,0,learning,0.05127407,0.01180291,-0.4016904,12.64045,51.43871,6.455721
38.84,1,Training,0,1,Flat,0,learning,0.05108729,0.01302503,-0.4011568,12.32856,51.43448,6.424829
38.86,1,Training,0,1,Flat,0,learning,0.0510512,0.01337708,-0.4009739,12.00879,51.34671,6.415735
38.86,1,Training,0,1,Flat,0,learning,0.05058596,0.01420541,-0.4018713,11.86411,51.14001,6.437501
38.88,1,Training,0,1,Flat,0,learning,0.05022211,0.01402879,-0.401495,11.82257,50.87379,6.486049
38.9,1,Training,0,1,Flat,0,learning,0.04967071,0.01376674,-0.4006897,11.88004,50.50861,6.510224
38.92,1,Training,0,1,Flat,0,learning,0.04934739,0.01418417,-0.4005277,11.92421,50.03941,6.382633
38.94,1,Training,0,1,Flat,0,learning,0.04933347,0.01433633,-0.3992875,11.845,49.60052,6.149233
38.96,1,Training,0,1,Flat,0,learning,0.04925807,0.01436878,-0.3991873,11.73506,49.13822,5.938939
38.96,1,Training,0,1,Flat,0,learning,0.04910012,0.014576,-0.398775,11.61736,48.70819,5.815997
38.98,1,Training,0,1,Flat,0,learning,0.04868874,0.01476668,-0.3983644,11.46703,48.33406,5.747141
39,1,Training,0,1,Flat,0,learning,0.04829382,0.01492517,-0.3979795,11.32677,47.96903,5.667897
39.02,1,Training,0,1,Flat,0,learning,0.04799433,0.01558332,-0.3971196,11.14804,47.52596,5.562006
39.04,1,Training,0,1,Flat,0,learning,0.04832011,0.0163769,-0.3979618,10.87533,46.81497,5.482071
39.06,1,Training,0,1,Flat,0,learning,0.04751664,0.01622019,-0.3954067,10.54501,45.78807,5.16448
39.06,1,Training,0,1,Flat,0,learning,0.04564375,0.01672019,-0.3950395,10.38566,44.04162,4.760755
39.08,1,Training,0,1,Flat,0,learning,0.04370271,0.01675885,-0.3943064,10.39887,42.36601,4.462039
39.1,1,Training,0,1,Flat,0,learning,0.03973283,0.01655865,-0.3915569,10.52533,39.84352,3.819406
39.12,1,Training,0,1,Flat,0,learning,0.0364468,0.01680973,-0.3912232,10.82172,37.08554,3.066935
39.14,1,Training,0,1,Flat,0,learning,0.03085257,0.01557164,-0.3884702,11.56414,32.82337,2.164546
39.16,1,Training,0,1,Flat,0,learning,0.02829503,0.01514036,-0.3867731,11.87954,30.40471,1.6932
39.16,1,Training,0,1,Flat,0,learning,0.02611831,0.01451511,-0.3850452,12.05871,27.52579,1.340245
39.18,1,Training,0,1,Flat,0,learning,0.02312167,0.01440715,-0.3834592,12.03319,24.73522,1.095152
39.2,1,Training,0,1,Flat,0,learning,0.01841254,0.01421332,-0.3825667,11.98042,21.96283,0.7826076
39.22,1,Training,0,1,Flat,0,learning,0.0135698,0.01458654,-0.3807663,11.93967,19.19615,0.1355739
39.24,1,Training,0,1,Flat,0,learning,0.01059994,0.01415131,-0.3786129,11.7846,16.929,359.6932
39.26,1,Training,0,1,Flat,0,learning,0.007603692,0.01468606,-0.3764382,11.34637,14.36214,359.3302
39.26,1,Training,0,1,Flat,0,learning,0.004271043,0.01586598,-0.3760225,10.84779,11.70374,359.032
39.28,1,Training,0,1,Flat,0,learning,0.0001563281,0.01655184,-0.3757851,10.49411,9.111863,358.6351
39.3,1,Training,0,1,Flat,0,learning,-0.004327487,0.01753207,-0.3747188,10.20766,6.857889,358.0094
39.32,1,Training,0,1,Flat,0,learning,-0.007690294,0.0180616,-0.3747167,9.968886,4.665538,357.6506
39.34,1,Training,0,1,Flat,0,learning,-0.01074174,0.01788232,-0.3744738,9.534144,2.379694,357.0712
39.36,1,Training,0,1,Flat,0,learning,-0.01204456,0.01863173,-0.3735834,9.135229,1.254442,356.8247
39.36,1,Training,0,1,Flat,0,learning,-0.01408525,0.01904243,-0.3721516,8.788458,0.201982,356.6065
39.38,1,Training,0,1,Flat,0,learning,-0.01587517,0.01984217,-0.3713692,8.400161,359.3756,356.4958
39.4,1,Training,0,1,Flat,0,learning,-0.01870682,0.02043314,-0.3714517,8.069031,357.6149,356.2216
39.42,1,Training,0,1,Flat,0,learning,-0.0179283,0.01977664,-0.3703342,7.610919,357.3217,356.5016
39.44,1,Training,0,1,Flat,0,learning,-0.0173516,0.02073928,-0.3691905,7.4001,358.556,357.0803
39.46,1,Training,0,1,Flat,0,learning,-0.01838214,0.02062677,-0.368283,7.27407,358.3896,357.1104
39.48,1,Training,0,1,Flat,0,learning,-0.01797135,0.02115882,-0.3672585,7.218551,358.4357,357.1155
39.48,1,Training,0,1,Flat,0,learning,-0.01959278,0.02153885,-0.3669019,6.960779,357.515,357.0458
39.5,1,Training,0,1,Flat,0,learning,-0.01902633,0.02025804,-0.36407,7.002397,358.3192,357.3964
39.52,1,Training,0,1,Flat,0,learning,-0.01784941,0.02085724,-0.3624884,6.973177,358.8066,357.635
39.54,1,Training,0,1,Flat,0,learning,-0.01703581,0.02128405,-0.360182,6.800644,359.2194,357.9384
39.56,1,Training,0,1,Flat,0,learning,-0.01576343,0.02118215,-0.3588362,6.590576,359.4869,358.2186
39.56,1,Training,0,1,Flat,0,learning,-0.01629106,0.02043722,-0.3578054,6.569595,359.7853,358.3928
39.58,1,Training,0,1,Flat,0,learning,-0.01520447,0.02014614,-0.3566269,6.896527,0.06106146,358.4867
39.6,1,Training,0,1,Flat,0,learning,-0.01470309,0.01922312,-0.354559,7.19544,0.1662455,358.5937
39.62,1,Training,0,1,Flat,0,learning,-0.01457683,0.0190063,-0.3513311,7.367938,0.2235146,358.6495
39.64,1,Training,0,1,Flat,0,learning,-0.01432424,0.01922766,-0.3483483,7.278736,0.2779616,358.6108
39.66,1,Training,0,1,Flat,0,learning,-0.01359396,0.01888473,-0.3458507,7.085977,0.2684518,358.6091
39.66,1,Training,0,1,Flat,0,learning,-0.01362546,0.01858775,-0.3436882,7.099855,0.2038449,358.5799
39.68,1,Training,0,1,Flat,0,learning,-0.01287193,0.01827358,-0.3413731,7.286963,0.07491972,358.5777
39.7,1,Training,0,1,Flat,0,learning,-0.01329704,0.01745068,-0.338315,7.536001,359.9618,358.5648
39.72,1,Training,0,1,Flat,0,learning,-0.0130863,0.01662881,-0.3350465,7.700758,359.8805,358.5411
39.74,1,Training,0,1,Flat,0,learning,-0.01296807,0.0158323,-0.3316931,7.832072,359.844,358.4386
39.76,1,Training,0,1,Flat,0,learning,-0.01243817,0.01574839,-0.3281122,7.889709,359.7786,358.3691
39.76,1,Training,0,1,Flat,0,learning,-0.01187082,0.01506243,-0.3247627,7.853015,359.6636,358.4109
39.78,1,Training,0,1,Flat,0,learning,-0.01206309,0.01557073,-0.3216427,7.832733,359.5063,358.3862
39.8,1,Training,0,1,Flat,0,learning,-0.0122615,0.01509896,-0.3181371,7.834011,359.4034,358.3201
39.82,1,Training,0,1,Flat,0,learning,-0.01231304,0.01510892,-0.3139101,7.855444,359.3737,358.2371
39.84,1,Training,0,1,Flat,0,learning,-0.01161346,0.01535198,-0.3089413,7.512338,359.5678,358.15
39.86,1,Training,0,1,Flat,0,learning,-0.01131644,0.01586242,-0.3061229,7.459396,359.5987,358.1571
39.9,1,Training,0,1,Flat,0,learning,-0.01100972,0.01582561,-0.3030155,7.75629,359.5837,358.2007
39.92,1,Training,0,1,Flat,0,learning,-0.01067371,0.01535784,-0.2923697,8.063711,359.4625,358.2575
39.94,1,Training,0,1,Flat,0,learning,-0.0109804,0.0152556,-0.2880861,8.22135,359.4926,358.3494
39.96,1,Training,0,1,Flat,0,learning,-0.01078718,0.01601108,-0.2838586,8.19837,359.5758,358.4266
39.96,1,Training,0,1,Flat,0,learning,-0.01072596,0.01687044,-0.2786751,7.893614,359.594,358.4445
39.98,1,Training,0,1,Flat,0,learning,-0.01105723,0.01819783,-0.2763495,7.691794,359.579,358.4113
40,1,Training,0,1,Flat,0,learning,-0.01049526,0.01979865,-0.2729144,7.749418,359.5767,358.3722
40.02,1,Training,0,1,Flat,0,learning,-0.01061717,0.02203609,-0.2673998,7.884315,359.6349,358.2677
40.04,1,Training,0,1,Flat,0,learning,-0.01025426,0.02366097,-0.2626801,7.832744,359.735,358.1626
40.06,1,Training,0,1,Flat,0,learning,-0.009448099,0.0251831,-0.2581248,7.586579,359.8527,358.1273
40.06,1,Training,0,1,Flat,0,learning,-0.009041866,0.02642344,-0.2531746,7.188909,359.9903,358.0904
40.08,1,Training,0,1,Flat,0,learning,-0.00869955,0.02850549,-0.2491446,6.932152,0.1512455,358.067
40.1,1,Training,0,1,Flat,0,learning,-0.007869143,0.03057507,-0.2440727,6.757194,0.318647,358.1189
40.12,1,Training,0,1,Flat,0,learning,-0.006815663,0.03305702,-0.2378271,6.557267,0.443752,358.2803
40.14,1,Training,0,1,Flat,0,learning,-0.006373203,0.03430936,-0.2319623,6.348271,0.6200709,358.5097
40.16,1,Training,0,1,Flat,0,learning,-0.005588506,0.03522678,-0.2258103,6.251277,0.7611552,358.7441
40.16,1,Training,0,1,Flat,0,learning,-0.005011596,0.03538451,-0.2191089,5.999371,0.888642,358.9431
40.18,1,Training,0,1,Flat,0,learning,-0.00487437,0.03669964,-0.2130686,5.870836,0.9955651,359.0641
40.2,1,Training,0,1,Flat,0,learning,-0.004034009,0.03837241,-0.2072212,5.91208,1.175503,359.1294
40.22,1,Training,0,1,Flat,0,learning,-0.003892157,0.03956912,-0.2008712,6.082281,1.444314,359.0777
40.24,1,Training,0,1,Flat,0,learning,-0.003050723,0.04155198,-0.1942682,6.326914,1.662615,359.0349
40.26,1,Training,0,1,Flat,0,learning,-0.002077186,0.04299512,-0.1875657,6.3817,1.773836,359.0775
40.26,1,Training,0,1,Flat,0,learning,-0.001329992,0.04415001,-0.1812173,6.43032,1.80311,359.1609
40.28,1,Training,0,1,Flat,0,learning,-0.001061216,0.04555215,-0.1744649,6.456859,1.832098,359.2419
40.3,1,Training,0,1,Flat,0,learning,-0.0007766243,0.04740428,-0.1679496,6.493489,1.874321,359.29
40.32,1,Training,0,1,Flat,0,learning,-0.0004882496,0.05010856,-0.161667,6.600374,1.942509,359.3263
40.34,1,Training,0,1,Flat,0,learning,0.0002180773,0.0512744,-0.1544235,6.668458,2.007317,359.4394
40.36,1,Training,0,1,Flat,0,learning,0.0007496921,0.05253068,-0.1468385,6.688367,2.01158,359.494
40.36,1,Training,0,1,Flat,0,learning,0.001144673,0.05354632,-0.1391769,6.757543,2.002851,359.5854
40.38,1,Training,0,1,Flat,0,learning,0.001864413,0.05545192,-0.1316943,6.830673,2.007681,359.661
40.4,1,Training,0,1,Flat,0,learning,0.002360334,0.05714229,-0.1234039,6.769335,2.049675,359.709
40.42,1,Training,0,1,Flat,0,learning,0.002792771,0.05916766,-0.1153811,6.605119,2.130309,359.6773
40.44,1,Training,0,1,Flat,0,learning,0.003400102,0.06009716,-0.1066027,6.389284,2.183534,359.6309
40.46,1,Training,0,1,Flat,0,learning,0.004346284,0.06138104,-0.09844306,6.442235,2.208657,359.6214
40.46,1,Training,0,1,Flat,0,learning,0.005105288,0.06310406,-0.09038213,6.730784,2.178679,359.7157
40.48,1,Training,0,1,Flat,0,learning,0.00583907,0.06446864,-0.08196847,7.174211,2.134421,359.8526
40.5,1,Training,0,1,Flat,0,learning,0.006516821,0.06480592,-0.07195245,7.48005,2.121839,359.9886
40.52,1,Training,0,1,Flat,0,learning,0.00698787,0.06585412,-0.06222288,7.58313,2.119357,0.1128383
40.54,1,Training,0,1,Flat,0,learning,0.007165723,0.06678832,-0.05258041,7.607326,2.114958,0.2205303
40.56,1,Training,0,1,Flat,0,learning,0.00770482,0.06853842,-0.04412114,7.776165,2.091495,0.2779722
40.56,1,Training,0,1,Flat,0,learning,0.008304244,0.06977291,-0.03530851,7.877856,2.10834,0.3514344
40.58,1,Training,0,1,Flat,0,learning,0.008259196,0.07288435,-0.02581223,8.267984,2.182582,0.3090937
40.6,1,Training,0,1,Flat,0,learning,0.008677327,0.07372134,-0.01729704,8.412447,2.227799,0.3065519
40.62,1,Training,0,1,Flat,0,learning,0.008837797,0.07256481,-0.009452812,8.472968,2.236448,0.3398491
40.64,1,Training,0,1,Flat,0,learning,0.009640355,0.07117344,-0.000542365,8.593736,2.272017,0.446441
40.66,1,Training,0,1,Flat,0,learning,0.009587234,0.07248431,0.008127511,8.685944,2.344984,0.5416532
40.66,1,Training,0,1,Flat,0,learning,0.009798159,0.07274596,0.01693498,8.585262,2.437554,0.6560638
40.68,1,Training,0,1,Flat,0,learning,0.009974133,0.07464294,0.02406202,9.034095,2.506446,0.7453551
40.72,1,Training,0,1,Flat,0,learning,0.009481548,0.0729841,0.03148123,9.454904,2.325184,1.117774
40.74,1,Training,0,1,Flat,0,learning,0.009475105,0.07282832,0.04657315,9.892725,2.171173,1.383447
40.76,1,Training,0,1,Flat,0,learning,0.009393919,0.07374645,0.05496035,10.05508,2.086195,1.617485
40.78,1,Training,0,1,Flat,0,learning,0.008429113,0.07236856,0.06259681,9.988993,2.120449,1.732684
40.78,1,Training,0,1,Flat,0,learning,0.007953009,0.07165524,0.06947634,10.12865,2.219604,1.77705
40.8,1,Training,0,1,Flat,0,learning,0.00811744,0.07115552,0.07542609,10.17043,2.271829,1.872146
40.82,1,Training,0,1,Flat,0,learning,0.009077332,0.07026651,0.08210026,10.07917,2.452914,2.107551
40.84,1,Training,0,1,Flat,0,learning,0.009116631,0.0696769,0.08922508,10.18691,2.48701,2.237625
40.86,1,Training,0,1,Flat,0,learning,0.009118946,0.06896557,0.09598356,10.29059,2.691492,2.4456
40.86,1,Training,0,1,Flat,0,learning,0.008916678,0.06773904,0.1018053,10.41405,2.925816,2.573603
40.88,1,Training,0,1,Flat,0,learning,0.009142935,0.06614619,0.1086732,10.55437,3.226466,2.595337
40.9,1,Training,0,1,Flat,0,learning,0.009248513,0.06429733,0.1152475,10.46843,3.581848,2.634036
40.92,1,Training,0,1,Flat,0,learning,0.01103319,0.06265293,0.1222193,10.33915,4.048151,2.683818
40.94,1,Training,0,1,Flat,0,learning,0.01153619,0.06127695,0.1282018,10.32263,4.549517,2.720954
40.96,1,Training,0,1,Flat,0,learning,0.01258122,0.05922147,0.133318,10.4372,4.925256,2.725348
40.96,1,Training,0,1,Flat,0,learning,0.01312383,0.05691204,0.1389506,10.55035,5.308332,2.69727
40.98,1,Training,0,1,Flat,0,learning,0.01537472,0.05459211,0.1455236,10.5975,5.725577,2.651406
41,1,Training,0,1,Flat,0,learning,0.01706532,0.05185366,0.1509687,10.69058,6.198438,2.602192
41.02,1,Training,0,1,Flat,0,learning,0.01884962,0.0487099,0.1547857,11.07543,6.77454,2.523786
41.04,1,Training,0,1,Flat,0,learning,0.02020661,0.0460537,0.1598569,11.54109,7.427062,2.312492
41.06,1,Training,0,1,Flat,0,learning,0.02267509,0.04322376,0.1659915,11.77105,7.935482,2.032264
41.06,1,Training,0,1,Flat,0,learning,0.0250619,0.04011039,0.1703776,11.93736,8.333138,1.70983
41.08,1,Training,0,1,Flat,0,learning,0.0278915,0.0378969,0.1743204,12.2633,8.778377,1.361521
41.1,1,Training,0,1,Flat,0,learning,0.03158932,0.03479668,0.1791351,12.56424,9.240938,1.125796
41.12,1,Training,0,1,Flat,0,learning,0.03546316,0.03180843,0.1830929,12.92154,9.491308,1.072781
41.14,1,Training,0,1,Flat,0,learning,0.03966888,0.0291451,0.1870687,13.21231,9.418927,1.2737
41.16,1,Training,0,1,Flat,0,learning,0.04009053,0.0268237,0.1914046,13.44256,9.146008,1.242543
41.18,1,Training,0,1,Flat,0,learning,0.04151293,0.02351254,0.1940694,13.68167,8.822699,1.075569
41.18,1,Training,0,1,Flat,0,learning,0.04344102,0.01987291,0.1970939,14.00447,8.67124,0.9015663
41.2,1,Training,0,1,Flat,0,learning,0.04538008,0.01746308,0.1993568,14.19609,8.59005,0.630901
41.22,1,Training,0,1,Flat,0,learning,0.04753376,0.01472333,0.2021056,14.33175,8.42452,0.3734012
41.24,1,Training,0,1,Flat,0,learning,0.04869348,0.0138229,0.2029424,14.10724,7.692913,0.1337811
41.26,1,Training,0,1,Flat,0,learning,0.05085455,0.01127308,0.2056693,14.26549,7.672344,-0.003555465
41.28,1,Training,0,1,Flat,0,learning,0.05307309,0.009370305,0.2070872,14.072,7.324104,359.829
41.28,1,Training,0,1,Flat,0,learning,0.05523372,0.009333119,0.2077481,13.8587,7.026377,359.7308
41.3,1,Training,0,1,Flat,0,learning,0.05735705,0.008249911,0.2085251,13.59863,6.653153,359.618
41.32,1,Training,0,1,Flat,0,learning,0.05916521,0.007470136,0.2089033,13.5487,6.351421,359.5091
41.34,1,Training,0,1,Flat,0,learning,0.06152523,0.007140305,0.2094414,13.47544,5.931267,359.4332
41.36,1,Training,0,1,Flat,0,learning,0.06298466,0.006104482,0.2108572,13.08153,5.573485,359.3169
41.38,1,Training,0,1,Flat,0,learning,0.06502225,0.00471934,0.2122496,13.04332,5.378013,359.193
41.38,1,Training,0,1,Flat,0,learning,0.06787655,0.004013439,0.212692,12.86207,5.290125,358.7881
41.4,1,Training,0,1,Flat,0,learning,0.07043492,0.00229161,0.2134199,12.98279,5.241633,358.5548
41.42,1,Training,0,1,Flat,0,learning,0.07339334,0.001564535,0.2140909,12.88966,5.0525,358.3519
41.44,1,Training,0,1,Flat,0,learning,0.07567818,0.0009865202,0.2147306,12.85733,4.907467,358.1431
41.46,1,Training,0,1,Flat,0,learning,0.07808179,-0.0001517255,0.2148625,12.89599,4.830342,357.9305
41.48,1,Training,0,1,Flat,0,learning,0.08041686,-0.001249151,0.2156998,12.86287,4.672885,357.7496
41.48,1,Training,0,1,Flat,0,learning,0.0827377,-0.002339704,0.2165259,12.82943,4.516297,357.5696
41.5,1,Training,0,1,Flat,0,learning,0.08628471,-0.004296727,0.2161006,12.97529,4.143555,357.4976
41.52,1,Training,0,1,Flat,0,learning,0.08826233,-0.005880336,0.216637,12.91754,3.959054,357.4411
41.54,1,Training,0,1,Flat,0,learning,0.09079097,-0.006775886,0.217091,12.91194,3.799311,357.3173
41.56,1,Training,0,1,Flat,0,learning,0.09247858,-0.007560001,0.2177479,12.82616,3.659238,357.1511
41.58,1,Training,0,1,Flat,0,learning,0.0945033,-0.008845026,0.2185942,12.84939,3.462518,356.9709
41.58,1,Training,0,1,Flat,0,learning,0.09668849,-0.01004405,0.2192888,12.82684,3.287702,356.8185
41.6,1,Training,0,1,Flat,0,learning,0.0986214,-0.01026549,0.2187988,12.96111,3.035492,356.6679
41.62,1,Training,0,1,Flat,0,learning,0.1014315,-0.01084468,0.2197882,13.06858,2.841641,356.5678
41.64,1,Training,0,1,Flat,0,learning,0.1034575,-0.01138226,0.2210128,13.05336,2.634152,356.4695
41.66,1,Training,0,1,Flat,0,learning,0.1052036,-0.01200014,0.221302,13.0077,2.410005,356.4521
41.66,1,Training,0,1,Flat,0,learning,0.1072647,-0.01261697,0.2215821,13.10484,2.021434,356.5519
41.68,1,Training,0,1,Flat,0,learning,0.1089633,-0.01341299,0.2226225,13.23505,1.509616,356.6485
41.7,1,Training,0,1,Flat,0,learning,0.1099,-0.01387877,0.22223,13.3774,1.060298,356.569
41.72,1,Training,0,1,Flat,0,learning,0.1105689,-0.01526991,0.2234991,13.4444,0.8993301,356.304
41.74,1,Training,0,1,Flat,0,learning,0.1127794,-0.01538068,0.2235386,13.44065,0.8638778,356.0785
41.76,1,Training,0,1,Flat,0,learning,0.1148721,-0.01650904,0.2233464,13.36914,0.7828897,355.9255
41.76,1,Training,0,1,Flat,0,learning,0.1163086,-0.0164553,0.2234745,13.35244,0.605764,355.7628
41.78,1,Training,0,1,Flat,0,learning,0.1169519,-0.01678427,0.2241176,13.21377,0.4870673,355.637
41.8,1,Training,0,1,Flat,0,learning,0.1205376,-0.01656331,0.2235051,13.07269,0.3061928,355.5074
41.82,1,Training,0,1,Flat,0,learning,0.1204727,-0.0167136,0.2240101,13.08791,0.2410804,355.3972
41.84,1,Training,0,1,Flat,0,learning,0.1227342,-0.01737931,0.2238059,13.11394,0.1852001,355.3753
41.86,1,Training,0,1,Flat,0,learning,0.1241727,-0.01686248,0.2242236,13.02831,0.1138818,355.3906
41.86,1,Training,0,1,Flat,0,learning,0.1255745,-0.01715396,0.2247068,12.84188,0.01795291,355.4759
41.88,1,Training,0,1,Flat,0,learning,0.1254365,-0.01808151,0.2237674,12.72625,0.0229249,355.4505
41.9,1,Training,0,1,Flat,0,learning,0.1281269,-0.01772392,0.2237083,12.77467,0.1348896,355.4175
41.92,1,Training,0,1,Flat,0,learning,0.1297694,-0.01721124,0.2241423,12.71091,0.4097428,355.5592
41.94,1,Training,0,1,Flat,0,learning,0.131842,-0.0168725,0.2247169,12.48377,0.5234172,355.6716
41.96,1,Training,0,1,Flat,0,learning,0.134049,-0.01709378,0.2241841,12.35949,0.6603467,355.8508
41.96,1,Training,0,1,Flat,0,learning,0.1355658,-0.01634574,0.2236105,12.32398,0.9213116,355.8865
41.98,1,Training,0,1,Flat,0,learning,0.1370618,-0.01710965,0.2240365,12.32854,1.27713,356.0389
42,1,Training,0,1,Flat,0,learning,0.1395333,-0.017122,0.2235608,12.2313,1.549659,356.2173
42.02,1,Training,0,1,Flat,0,learning,0.1398968,-0.01809681,0.2240887,12.24146,1.875597,356.4067
42.04,1,Training,0,1,Flat,0,learning,0.1428633,-0.0177145,0.2217052,12.52377,2.25814,356.5797
42.06,1,Training,0,1,Flat,0,learning,0.1431305,-0.0185694,0.2216232,12.79125,2.560475,356.4976
42.06,1,Training,0,1,Flat,0,learning,0.1436906,-0.01873968,0.2221093,12.85124,2.729485,356.4078
42.08,1,Training,0,1,Flat,0,learning,0.1445366,-0.01831699,0.2226866,12.64124,2.891623,356.1656
42.1,1,Training,0,1,Flat,0,learning,0.1452522,-0.01837217,0.2228725,12.36696,2.990298,355.9159
42.12,1,Training,0,1,Flat,0,learning,0.1463461,-0.01732869,0.2213406,12.21482,2.995837,355.7021
42.14,1,Training,0,1,Flat,0,learning,0.1471113,-0.01798618,0.2214551,12.08978,2.862345,355.6221
42.16,1,Training,0,1,Flat,0,learning,0.1466782,-0.01724256,0.2208783,11.9165,2.62109,355.5634
42.16,1,Training,0,1,Flat,0,learning,0.1468096,-0.01650024,0.2205133,11.79295,2.413173,355.5167
42.18,1,Training,0,1,Flat,0,learning,0.1468967,-0.01609729,0.2206795,11.74147,2.29433,355.4613
42.2,1,Training,0,1,Flat,0,learning,0.1467801,-0.01570465,0.2197726,11.73684,2.225704,355.419
42.22,1,Training,0,1,Flat,0,learning,0.1469302,-0.01478734,0.2186876,11.84702,2.208464,355.3572
42.24,1,Training,0,1,Flat,0,learning,0.1473947,-0.0143848,0.2183701,11.84186,2.204165,355.3586
42.26,1,Training,0,1,Flat,0,learning,0.1477746,-0.01454656,0.2189525,11.68754,2.367688,355.3861
42.26,1,Training,0,1,Flat,0,learning,0.1479838,-0.01412837,0.2182704,11.56527,2.624264,355.3282
42.28,1,Training,0,1,Flat,0,learning,0.1482781,-0.01406453,0.2168002,11.54758,3.054024,355.3113
42.3,1,Training,0,1,Flat,0,learning,0.1497879,-0.01249223,0.2155944,11.60652,3.283734,355.4904
42.32,1,Training,0,1,Flat,0,learning,0.1499237,-0.01167583,0.2155313,11.40846,3.371723,355.7386
42.34,1,Training,0,1,Flat,0,learning,0.1492079,-0.01034653,0.2143699,11.13133,3.45856,355.8112
42.36,1,Training,0,1,Flat,0,learning,0.1476453,-0.007591969,0.2125133,11.02882,3.425997,355.6368
42.36,1,Training,0,1,Flat,0,learning,0.147571,-0.006555422,0.2116391,10.94118,3.5113,355.6347
42.38,1,Training,0,1,Flat,0,learning,0.1457902,-0.004637532,0.2117311,10.559,3.370544,355.4076
42.4,1,Training,0,1,Flat,0,learning,0.1443922,-0.002326258,0.2096984,10.1809,3.139535,355.2302
42.42,1,Training,0,1,Flat,0,learning,0.1438056,0.0003260914,0.2075681,9.85203,2.873311,355.1999
42.44,1,Training,0,1,Flat,0,learning,0.1410052,0.002703816,0.2062359,9.479752,2.54293,355.2155
42.46,1,Training,0,1,Flat,0,learning,0.1395299,0.006403265,0.203749,9.067386,2.186248,355.3272
42.46,1,Training,0,1,Flat,0,learning,0.1365797,0.009130733,0.2009293,8.619333,1.923664,355.3764
42.48,1,Training,0,1,Flat,0,learning,0.1337282,0.01332315,0.1957286,8.357645,1.494817,355.4845
42.5,1,Training,0,1,Flat,0,learning,0.1306969,0.01732652,0.1950087,7.62788,0.8416601,355.3914
42.52,1,Training,0,1,Flat,0,learning,0.1250337,0.02282901,0.1922682,6.584098,0.05476677,355.1497
42.54,1,Training,0,1,Flat,0,learning,0.1212573,0.02835248,0.1885942,5.261164,359.0414,354.7721
42.56,1,Training,0,1,Flat,0,learning,0.1179008,0.03402412,0.1840129,3.987919,357.8713,354.3842
42.58,1,Training,0,1,Flat,0,learning,0.1134464,0.03835553,0.1787611,2.643463,356.6303,354.1039
42.58,1,Training,0,1,Flat,0,learning,0.1103428,0.04342286,0.1742038,1.205661,355.3566,354.175
42.6,1,Training,0,1,Flat,0,learning,0.103374,0.04716725,0.1690078,359.5401,354.2145,354.3059
42.62,1,Training,0,1,Flat,0,learning,0.0966114,0.05089498,0.162324,358.1446,353.1619,353.9713
42.64,1,Training,0,1,Flat,0,learning,0.09040765,0.05694936,0.1547417,357.4766,352.1984,353.0483
42.66,1,Training,0,1,Flat,0,learning,0.08525012,0.0592369,0.1507007,357.0993,351.2248,352.1815
42.66,1,Training,0,1,Flat,0,learning,0.0838929,0.0622942,0.1476164,356.6827,350.3015,351.8592
42.68,1,Training,0,1,Flat,0,learning,0.08270249,0.06403548,0.1454752,355.7479,349.1737,352.7686
42.7,1,Training,0,1,Flat,0,learning,0.07802381,0.0662303,0.1403917,354.7785,348.0314,354.2534
42.72,1,Training,0,1,Flat,0,learning,0.06944172,0.06828828,0.1351825,354.2119,347.2471,355.1476
42.74,1,Training,0,1,Flat,0,learning,0.06570005,0.07032946,0.1291938,354.2456,346.7574,355.847
42.76,1,Training,0,1,Flat,0,learning,0.06201294,0.07273166,0.1237923,353.5618,345.926,356.1325
42.78,1,Training,0,1,Flat,0,learning,0.05840169,0.07504377,0.1182933,352.8822,345.09,356.4284
42.78,1,Training,0,1,Flat,0,learning,0.05445163,0.07472991,0.1213315,354.3965,346.8988,356.9182
42.8,1,Training,0,1,Flat,0,learning,0.05084295,0.07622265,0.1185992,354.2859,346.9495,357.074
42.82,1,Training,0,1,Flat,0,learning,0.04811461,0.07752634,0.1153879,354.0184,346.9795,357.255
42.84,1,Training,0,1,Flat,0,learning,0.04514585,0.07918654,0.111899,353.7906,347.0073,357.4121
42.86,1,Training,0,1,Flat,0,learning,0.04232283,0.08021746,0.1095825,353.6458,347.2566,357.4748
42.86,1,Training,0,1,Flat,0,learning,0.03901578,0.08161269,0.1058378,353.3063,346.9598,357.7043
42.88,1,Training,0,1,Flat,0,learning,0.03631961,0.08287897,0.1040321,353.2913,347.3659,357.7769
42.9,1,Training,0,1,Flat,0,learning,0.03360587,0.08402044,0.1016542,353.1889,347.6861,357.9543
42.92,1,Training,0,1,Flat,0,learning,0.03025515,0.08529954,0.09878246,353.2229,348.0352,358.1135
42.94,1,Training,0,1,Flat,0,learning,0.02763343,0.08555303,0.09646911,353.2837,348.4287,358.2823
42.96,1,Training,0,1,Flat,0,learning,0.02511473,0.08614779,0.09472112,353.3886,348.8458,358.4715
42.98,1,Training,0,1,Flat,0,learning,0.02128694,0.08772901,0.09271402,353.4727,349.2062,358.7137
42.98,1,Training,0,1,Flat,0,learning,0.01898837,0.08810141,0.09132695,353.412,349.425,359.0777
43,1,Training,0,1,Flat,0,learning,0.01557291,0.08887821,0.08931956,353.3764,349.6077,359.5221
43.02,1,Training,0,1,Flat,0,learning,0.01269825,0.08930848,0.08768538,353.2152,349.7521,359.9346
43.04,1,Training,0,1,Flat,0,learning,0.009613972,0.09005193,0.08541268,353.0798,349.8274,0.1955253
43.06,1,Training,0,1,Flat,0,learning,0.006537456,0.09096224,0.08319169,353.0945,350.0021,0.4856664
43.06,1,Training,0,1,Flat,0,learning,0.003343491,0.09197886,0.08135471,353.1481,350.1879,0.6844013
43.08,1,Training,0,1,Flat,0,learning,0.000368163,0.09252464,0.08120495,353.1462,350.3571,0.8403994
43.1,1,Training,0,1,Flat,0,learning,-0.002709517,0.09377176,0.0794924,353.0753,350.5155,1.010832
43.12,1,Training,0,1,Flat,0,learning,-0.005405858,0.09411249,0.07878125,353.0858,350.6514,1.17987
43.14,1,Training,0,1,Flat,0,learning,-0.009040674,0.0944349,0.0765424,353.1076,350.7424,1.293901
43.16,1,Training,0,1,Flat,0,learning,-0.0120703,0.09497094,0.07545068,353.1727,350.8192,1.394177
43.18,1,Training,0,1,Flat,0,learning,-0.01518739,0.09590007,0.07372069,353.1458,350.8161,1.564531
43.18,1,Training,0,1,Flat,0,learning,-0.01871207,0.0960648,0.07388299,352.9703,350.7885,1.735687
43.2,1,Training,0,1,Flat,0,learning,-0.02121283,0.0967681,0.07174138,352.7962,350.75,1.975738
43.22,1,Training,0,1,Flat,0,learning,-0.02457987,0.09671438,0.07146293,352.6527,350.7486,2.199217
43.24,1,Training,0,1,Flat,0,learning,-0.02732514,0.0973761,0.0695325,352.5871,350.7048,2.431333
43.26,1,Training,0,1,Flat,0,learning,-0.03050932,0.09748349,0.06911843,352.5004,350.6864,2.698827
43.26,1,Training,0,1,Flat,0,learning,-0.03326216,0.09756923,0.06808949,352.4433,350.6912,2.94481
43.28,1,Training,0,1,Flat,0,learning,-0.03573873,0.09761553,0.06733136,352.4366,350.8093,3.1631
43.3,1,Training,0,1,Flat,0,learning,-0.03818914,0.09721746,0.06695143,352.453,350.9512,3.363336
43.32,1,Training,0,1,Flat,0,learning,-0.04065067,0.09720203,0.06670869,352.4812,351.0729,3.61194
43.34,1,Training,0,1,Flat,0,learning,-0.04293967,0.09754947,0.06555702,352.5934,351.1064,4.006391
43.36,1,Training,0,1,Flat,0,learning,-0.0460913,0.09687678,0.06674464,352.3808,351.0523,4.395923
43.38,1,Training,0,1,Flat,0,learning,-0.0489575,0.09693617,0.067104,352.304,351.0581,4.685027
43.38,1,Training,0,1,Flat,0,learning,-0.05113562,0.09791094,0.06517594,352.265,351.1413,4.892845
43.4,1,Training,0,1,Flat,0,learning,-0.0534557,0.09732907,0.06563496,352.1746,351.2302,5.097721
43.42,1,Training,0,1,Flat,0,learning,-0.05557151,0.09737726,0.06505619,352.2554,351.2504,5.324582
43.44,1,Training,0,1,Flat,0,learning,-0.05733082,0.09729274,0.06432033,352.3477,351.2039,5.607873
43.46,1,Training,0,1,Flat,0,learning,-0.05948148,0.09750076,0.06347308,352.4886,351.1724,5.862905
43.46,1,Training,0,1,Flat,0,learning,-0.0616806,0.09706749,0.06409528,352.4814,351.2121,6.034145
43.48,1,Training,0,1,Flat,0,learning,-0.06334647,0.09699034,0.06405668,352.5923,351.3196,6.173182
43.52,1,Training,0,1,Flat,0,learning,-0.06407963,0.096666,0.06390335,352.7752,351.4205,6.305939
43.52,1,Training,0,1,Flat,0,learning,-0.0660776,0.09657618,0.06356554,352.7976,351.4682,6.526881
43.54,1,Training,0,1,Flat,0,learning,-0.06738472,0.09642485,0.06281219,352.9161,351.4706,6.748598
43.56,1,Training,0,1,Flat,0,learning,-0.0687376,0.0963629,0.06336729,352.9676,351.463,6.957884
43.56,1,Training,0,1,Flat,0,learning,-0.06995367,0.09650672,0.06226517,352.9747,351.5301,7.047842
43.64,1,Training,0,1,Flat,0,learning,-0.06984308,0.09626218,0.06226456,353.009,351.6665,6.809983
